Title,Year,Ratings,Director,Metascore,Votes,Vote Count,Gross (Millions),Genre,Duration (min),Age,Actor 1,Actor 2,Actor 3,Actor 4
Inception,(2010),8.8,Christopher Nolan,74,8.8,"2,142,496",$292.58M,"Action, Adventure, Sci-Fi",148 min,12A,Leonardo DiCaprio,Joseph Gordon-Levitt,Elliot Page,Ken Watanabe
The Lord of the Rings: The Fellowship of the Ring,(2001),8.8,Peter Jackson,92,8.8,"1,712,571",$315.54M,"Action, Adventure, Drama",178 min,PG,Elijah Wood,Ian McKellen,Orlando Bloom,Sean Bean
The Lord of the Rings: The Return of the King,(2003),8.9,Peter Jackson,94,8.9,"1,691,320",$377.85M,"Action, Adventure, Drama",201 min,12A,Elijah Wood,Viggo Mortensen,Ian McKellen,Orlando Bloom
Interstellar,(2014),8.6,Christopher Nolan,74,8.6,"1,587,667",$188.02M,"Adventure, Drama, Sci-Fi",169 min,12A,Matthew McConaughey,Anne Hathaway,Jessica Chastain,Mackenzie Foy
The Dark Knight Rises,(2012),8.4,Christopher Nolan,78,8.4,"1,561,387",$448.14M,"Action, Adventure",164 min,12A,Christian Bale,Tom Hardy,Anne Hathaway,Gary Oldman
The Lord of the Rings: The Two Towers,(2002),8.7,Peter Jackson,87,8.7,"1,529,344",$342.55M,"Action, Adventure, Drama",179 min,12A,Elijah Wood,Ian McKellen,Viggo Mortensen,Orlando Bloom
Gladiator,(2000),8.5,Ridley Scott,67,8.5,"1,383,740",$187.71M,"Action, Adventure, Drama",155 min,15,Russell Crowe,Joaquin Phoenix,Connie Nielsen,Oliver Reed
Batman Begins,(2005),8.2,Christopher Nolan,70,8.2,"1,346,165",$206.85M,"Action, Adventure",140 min,12A,Christian Bale,Michael Caine,Ken Watanabe,Liam Neeson
Inglourious Basterds,(2009),8.3,Quentin Tarantino,69,8.3,"1,315,588",$120.54M,"Adventure, Drama, War",153 min,18,Brad Pitt,Diane Kruger,Eli Roth,Mélanie Laurent
Avengers Assemble,(2012),8.0,Joss Whedon,69,8.0,"1,295,656",$623.28M,"Action, Adventure, Sci-Fi",143 min,12A,Robert Downey Jr.,Chris Evans,Scarlett Johansson,Jeremy Renner
Star Wars: Episode IV - A New Hope,(1977),8.6,George Lucas,90,8.6,"1,264,580",$322.74M,"Action, Adventure, Fantasy",121 min,U,Mark Hamill,Harrison Ford,Carrie Fisher,Alec Guinness
Star Wars: Episode V - The Empire Strikes Back,(1980),8.7,Irvin Kershner,82,8.7,"1,192,462",$290.48M,"Action, Adventure, Fantasy",124 min,U,Mark Hamill,Harrison Ford,Carrie Fisher,Billy Dee Williams
Avatar,(2009),7.8,James Cameron,83,7.8,"1,146,838",$760.51M,"Action, Adventure, Fantasy",162 min,12A,Sam Worthington,Zoe Saldana,Sigourney Weaver,Michelle Rodriguez
Back to the Future,(1985),8.5,Robert Zemeckis,87,8.5,"1,098,386",$210.61M,"Adventure, Comedy, Sci-Fi",116 min,PG,Michael J. Fox,Christopher Lloyd,Lea Thompson,Crispin Glover
Guardians of the Galaxy,(2014),8.0,James Gunn,76,8.0,"1,078,801",$333.18M,"Action, Adventure, Comedy",121 min,12A,Chris Pratt,Vin Diesel,Bradley Cooper,Zoe Saldana
Pirates of the Caribbean: The Curse of the Black Pearl,(2003),8.0,Gore Verbinski,63,8.0,"1,037,340",$305.41M,"Action, Adventure, Fantasy",143 min,12A,Johnny Depp,Geoffrey Rush,Orlando Bloom,Keira Knightley
WALL·E,(2008),8.4,Andrew Stanton,95,8.4,"1,031,198",$223.81M,"Animation, Adventure, Family",98 min,U,Ben Burtt,Elissa Knight,Jeff Garlin,Fred Willard
Star Wars: Return of the Jedi,(1983),8.3,Richard Marquand,58,8.3,"976,893",$309.13M,"Action, Adventure, Fantasy",131 min,U,Mark Hamill,Harrison Ford,Carrie Fisher,Billy Dee Williams
Finding Nemo,(2003),8.1,Andrew Stanton,90,8.1,"974,727",$380.84M,"Animation, Adventure, Comedy",100 min,U,Lee Unkrich,Albert Brooks,Ellen DeGeneres,Alexander Gould
The Lion King,(1994),8.5,Roger Allers,88,8.5,"972,679",$422.78M,"Animation, Adventure, Drama",88 min,U,Rob Minkoff,Matthew Broderick,Jeremy Irons,James Earl Jones
Iron Man,(2008),7.9,Jon Favreau,79,7.9,"972,188",$318.41M,"Action, Adventure, Sci-Fi",126 min,12A,Robert Downey Jr.,Gwyneth Paltrow,Terrence Howard,Jeff Bridges
Up,(2009),8.2,Pete Docter,88,8.2,"964,770",$293.00M,"Animation, Adventure, Comedy",96 min,U,Bob Peterson,Edward Asner,Jordan Nagai,John Ratzenberger
Deadpool,(2016),8.0,Tim Miller,65,8.0,"935,387",$363.07M,"Action, Adventure, Comedy",108 min,15,Ryan Reynolds,Morena Baccarin,T.J. Miller,Ed Skrein
Toy Story,(1995),8.3,John Lasseter,95,8.3,"916,827",$191.80M,"Animation, Adventure, Comedy",81 min,PG,Tom Hanks,Tim Allen,Don Rickles,Jim Varney
Mad Max: Fury Road,(2015),8.1,George Miller,90,8.1,"915,397",$154.06M,"Action, Adventure, Sci-Fi",120 min,15,Tom Hardy,Charlize Theron,Nicholas Hoult,Zoë Kravitz
Avengers: Endgame,(2019),8.4,Anthony Russo,78,8.4,"912,173",$858.37M,"Action, Adventure, Drama",181 min,12A,Joe Russo,Robert Downey Jr.,Chris Evans,Mark Ruffalo
Raiders of the Lost Ark,(1981),8.4,Steven Spielberg,85,8.4,"908,484",$248.16M,"Action, Adventure",115 min,A,Harrison Ford,Karen Allen,Paul Freeman,John Rhys-Davies
Avengers: Infinity War,(2018),8.4,Anthony Russo,68,8.4,"902,735",$678.82M,"Action, Adventure, Sci-Fi",149 min,12A,Joe Russo,Robert Downey Jr.,Chris Hemsworth,Mark Ruffalo
Jurassic Park,(1993),8.1,Steven Spielberg,68,8.1,"897,143",$402.45M,"Action, Adventure, Sci-Fi",127 min,PG,Sam Neill,Laura Dern,Jeff Goldblum,Richard Attenborough
Star Wars: Episode VII - The Force Awakens,(2015),7.8,J.J. Abrams,80,7.8,"878,186",$936.66M,"Action, Adventure, Sci-Fi",138 min,12A,Daisy Ridley,John Boyega,Oscar Isaac,Domhnall Gleeson
The Hunger Games,(2012),7.2,Gary Ross,68,7.2,"864,115",$408.01M,"Action, Adventure, Sci-Fi",142 min,12A,Jennifer Lawrence,Josh Hutcherson,Liam Hemsworth,Stanley Tucci
"Monsters, Inc.",(2001),8.1,Pete Docter,79,8.1,"841,754",$289.92M,"Animation, Adventure, Comedy",92 min,U,David Silverman,Lee Unkrich,Billy Crystal,John Goodman
Harry Potter and the Deathly Hallows: Part 2,(2011),8.1,David Yates,85,8.1,"792,921",$381.01M,"Adventure, Drama, Fantasy",130 min,12A,Daniel Radcliffe,Emma Watson,Rupert Grint,Michael Gambon
The Martian,(2015),8.0,Ridley Scott,80,8.0,"785,973",$228.43M,"Adventure, Drama, Sci-Fi",144 min,12A,Matt Damon,Jessica Chastain,Kristen Wiig,Kate Mara
Iron Man 3,(2013),7.1,Shane Black,62,7.1,"781,634",$409.01M,"Action, Adventure, Sci-Fi",130 min,12A,Robert Downey Jr.,Guy Pearce,Gwyneth Paltrow,Don Cheadle
Avengers: Age of Ultron,(2015),7.3,Joss Whedon,66,7.3,"780,026",$459.01M,"Action, Adventure, Sci-Fi",141 min,12A,Robert Downey Jr.,Chris Evans,Mark Ruffalo,Chris Hemsworth
Toy Story 3,(2010),8.2,Lee Unkrich,92,8.2,"778,158",$415.00M,"Animation, Adventure, Comedy",103 min,U,Tom Hanks,Tim Allen,Joan Cusack,Ned Beatty
The Hobbit: An Unexpected Journey,(2012),7.8,Peter Jackson,58,7.8,"774,449",$303.00M,"Adventure, Fantasy",169 min,12A,Martin Freeman,Ian McKellen,Richard Armitage,Andy Serkis
Thor,(2011),7.0,Kenneth Branagh,57,7.0,"774,411",$181.03M,"Action, Adventure, Fantasy",115 min,12A,Chris Hemsworth,Anthony Hopkins,Natalie Portman,Tom Hiddleston
Captain America: The First Avenger,(2011),6.9,Joe Johnston,66,6.9,"772,350",$176.65M,"Action, Adventure, Sci-Fi",124 min,12A,Chris Evans,Hugo Weaving,Samuel L. Jackson,Hayley Atwell
Captain America: The Winter Soldier,(2014),7.7,Anthony Russo,70,7.7,"766,880",$259.77M,"Action, Adventure, Sci-Fi",136 min,12A,Joe Russo,Chris Evans,Samuel L. Jackson,Scarlett Johansson
Star Wars: Episode I - The Phantom Menace,(1999),6.5,George Lucas,51,6.5,"749,687",$474.54M,"Action, Adventure, Fantasy",136 min,U,Ewan McGregor,Liam Neeson,Natalie Portman,Jake Lloyd
Iron Man 2,(2010),7.0,Jon Favreau,57,7.0,"748,857",$312.43M,"Action, Adventure, Sci-Fi",124 min,12A,Robert Downey Jr.,Mickey Rourke,Gwyneth Paltrow,Don Cheadle
The Grand Budapest Hotel,(2014),8.1,Wes Anderson,88,8.1,"736,276",$59.10M,"Adventure, Comedy, Crime",99 min,15,Ralph Fiennes,F. Murray Abraham,Mathieu Amalric,Adrien Brody
The Revenant,(2015),8.0,Alejandro G. Iñárritu,76,8.0,"731,976",$183.64M,"Action, Adventure, Drama",156 min,15,Leonardo DiCaprio,Tom Hardy,Will Poulter,Domhnall Gleeson
Star Wars: Episode III - Revenge of the Sith,(2005),7.5,George Lucas,68,7.5,"731,215",$380.26M,"Action, Adventure, Fantasy",140 min,12A,Hayden Christensen,Natalie Portman,Ewan McGregor,Samuel L. Jackson
Man of Steel,(2013),7.0,Zack Snyder,55,7.0,"722,993",$291.05M,"Action, Adventure, Sci-Fi",143 min,12A,Henry Cavill,Amy Adams,Michael Shannon,Diane Lane
Indiana Jones and the Last Crusade,(1989),8.2,Steven Spielberg,65,8.2,"710,609",$197.17M,"Action, Adventure",127 min,PG,Harrison Ford,Sean Connery,Alison Doody,Denholm Elliott
Spider-Man,(2002),7.3,Sam Raimi,73,7.3,"709,452",$403.71M,"Action, Adventure, Sci-Fi",121 min,12A,Tobey Maguire,Kirsten Dunst,Willem Dafoe,James Franco
I Am Legend,(2007),7.2,Francis Lawrence,65,7.2,"705,857",$256.39M,"Action, Adventure, Drama",101 min,15,Will Smith,Alice Braga,Charlie Tahan,Salli Richardson-Whitfield
Captain America: Civil War,(2016),7.8,Anthony Russo,75,7.8,"697,459",$408.08M,"Action, Adventure, Sci-Fi",147 min,12A,Joe Russo,Chris Evans,Robert Downey Jr.,Scarlett Johansson
Harry Potter and the Philosopher's Stone,(2001),7.6,Chris Columbus,64,7.6,"688,827",$317.58M,"Adventure, Family, Fantasy",152 min,PG,Daniel Radcliffe,Rupert Grint,Richard Harris,Maggie Smith
How to Train Your Dragon,(2010),8.1,Dean DeBlois,75,8.1,"686,595",$217.58M,"Animation, Action, Adventure",98 min,PG,Chris Sanders,Jay Baruchel,Gerard Butler,Christopher Mintz-Plasse
Spirited Away,(2001),8.6,Hayao Miyazaki,96,8.6,"682,533",$10.06M,"Animation, Adventure, Family",125 min,PG,Daveigh Chase,Suzanne Pleshette,Miyu Irino,Rumi Hiiragi
The Incredibles,(2004),8.0,Brad Bird,90,8.0,"674,788",$261.44M,"Animation, Action, Adventure",115 min,U,Craig T. Nelson,Samuel L. Jackson,Holly Hunter,Jason Lee
X-Men: Days of Future Past,(2014),7.9,Bryan Singer,75,7.9,"674,531",$233.92M,"Action, Adventure, Sci-Fi",132 min,12A,Patrick Stewart,Ian McKellen,Hugh Jackman,James McAvoy
Aliens,(1986),8.3,James Cameron,84,8.3,"671,416",$85.16M,"Action, Adventure, Sci-Fi",137 min,R,Sigourney Weaver,Michael Biehn,Carrie Henn,Paul Reiser
Pirates of the Caribbean: Dead Man's Chest,(2006),7.3,Gore Verbinski,53,7.3,"670,132",$423.32M,"Action, Adventure, Fantasy",151 min,12A,Johnny Depp,Orlando Bloom,Keira Knightley,Jack Davenport
Black Panther,(2018),7.3,Ryan Coogler,88,7.3,"664,108",$700.06M,"Action, Adventure, Sci-Fi",134 min,12A,Chadwick Boseman,Michael B. Jordan,Lupita Nyong'o,Danai Gurira
Ratatouille,(2007),8.0,Brad Bird,96,8.0,"662,446",$206.45M,"Animation, Adventure, Comedy",111 min,U,Jan Pinkava,Brad Garrett,Lou Romano,Patton Oswalt
Star Wars: Episode II - Attack of the Clones,(2002),6.5,George Lucas,54,6.5,"659,749",$310.68M,"Action, Adventure, Fantasy",142 min,PG,Hayden Christensen,Natalie Portman,Ewan McGregor,Christopher Lee
X-Men: First Class,(2011),7.7,Matthew Vaughn,65,7.7,"658,357",$146.41M,"Action, Adventure, Sci-Fi",131 min,12A,James McAvoy,Michael Fassbender,Jennifer Lawrence,Kevin Bacon
Batman v Superman: Dawn of Justice,(2016),6.4,Zack Snyder,44,6.4,"657,237",$330.36M,"Action, Adventure, Sci-Fi",152 min,12A,Ben Affleck,Henry Cavill,Amy Adams,Jesse Eisenberg
Inside Out,(I) (2015),8.1,Pete Docter,94,8.1,"644,033",$356.46M,"Animation, Adventure, Comedy",95 min,U,Ronnie Del Carmen,Amy Poehler,Bill Hader,Lewis Black
Skyfall,(2012),7.7,Sam Mendes,81,7.7,"643,312",$304.36M,"Action, Adventure, Thriller",143 min,12A,Daniel Craig,Javier Bardem,Naomie Harris,Judi Dench
Shrek,(2001),7.9,Andrew Adamson,84,7.9,"633,126",$267.67M,"Animation, Adventure, Comedy",90 min,U,Vicky Jenson,Mike Myers,Eddie Murphy,Cameron Diaz
Thor: Ragnarok,(2017),7.9,Taika Waititi,74,7.9,"632,554",$315.06M,"Action, Adventure, Comedy",130 min,12A,Chris Hemsworth,Tom Hiddleston,Cate Blanchett,Mark Ruffalo
Doctor Strange,(2016),7.5,Scott Derrickson,72,7.5,"631,605",$232.64M,"Action, Adventure, Fantasy",115 min,12A,Benedict Cumberbatch,Chiwetel Ejiofor,Rachel McAdams,Benedict Wong
Suicide Squad,(2016),5.9,David Ayer,40,5.9,"627,953",$325.10M,"Action, Adventure, Fantasy",123 min,15,Will Smith,Jared Leto,Margot Robbie,Viola Davis
The Hunger Games: Catching Fire,(2013),7.5,Francis Lawrence,76,7.5,"627,277",$424.67M,"Action, Adventure, Mystery",146 min,12A,Jennifer Lawrence,Josh Hutcherson,Liam Hemsworth,Philip Seymour Hoffman
Edge of Tomorrow,(2014),7.9,Doug Liman,71,7.9,"622,919",$100.21M,"Action, Adventure, Sci-Fi",113 min,12A,Tom Cruise,Emily Blunt,Bill Paxton,Brendan Gleeson
2001: A Space Odyssey,(1968),8.3,Stanley Kubrick,84,8.3,"622,811",$56.95M,"Adventure, Sci-Fi",149 min,U,Keir Dullea,Gary Lockwood,William Sylvester,Daniel Richter
Thor: The Dark World,(2013),6.8,Alan Taylor,54,6.8,"620,044",$206.36M,"Action, Adventure, Fantasy",112 min,12A,Chris Hemsworth,Natalie Portman,Tom Hiddleston,Stellan Skarsgård
World War Z,(2013),7.0,Marc Forster,63,7.0,"619,601",$202.36M,"Action, Adventure, Horror",116 min,15,Brad Pitt,Mireille Enos,Daniella Kertesz,James Badge Dale
The Hobbit: The Desolation of Smaug,(2013),7.8,Peter Jackson,66,7.8,"616,279",$258.37M,"Adventure, Fantasy",161 min,12A,Ian McKellen,Martin Freeman,Richard Armitage,Ken Stott
Kingsman: The Secret Service,(2014),7.7,Matthew Vaughn,60,7.7,"609,329",$128.26M,"Action, Adventure, Comedy",129 min,15,Colin Firth,Taron Egerton,Samuel L. Jackson,Michael Caine
Pirates of the Caribbean: At World's End,(2007),7.1,Gore Verbinski,50,7.1,"609,146",$309.42M,"Action, Adventure, Fantasy",169 min,12A,Johnny Depp,Orlando Bloom,Keira Knightley,Geoffrey Rush
Transformers,(2007),7.0,Michael Bay,61,7.0,"608,355",$319.25M,"Action, Adventure, Sci-Fi",144 min,12A,Shia LaBeouf,Megan Fox,Josh Duhamel,Tyrese Gibson
Wonder Woman,(2017),7.4,Patty Jenkins,76,7.4,"602,016",$412.56M,"Action, Adventure, Fantasy",141 min,12A,Gal Gadot,Chris Pine,Robin Wright,Lucy Davis
Guardians of the Galaxy: Vol. 2,(2017),7.6,James Gunn,67,7.6,"599,367",$389.81M,"Action, Adventure, Comedy",136 min,12A,Chris Pratt,Zoe Saldana,Dave Bautista,Vin Diesel
Sherlock Holmes,(2009),7.6,Guy Ritchie,57,7.6,"597,629",$209.03M,"Action, Adventure, Mystery",128 min,12A,Robert Downey Jr.,Jude Law,Rachel McAdams,Mark Strong
Ant-Man,(2015),7.3,Peyton Reed,64,7.3,"597,453",$180.20M,"Action, Adventure, Comedy",117 min,12A,Paul Rudd,Michael Douglas,Corey Stoll,Evangeline Lilly
Casino Royale,(2006),8.0,Martin Campbell,80,8.0,"595,431",$167.45M,"Action, Adventure, Thriller",144 min,12A,Daniel Craig,Eva Green,Judi Dench,Jeffrey Wright
Life of Pi,(2012),7.9,Ang Lee,79,7.9,"595,112",$124.99M,"Adventure, Drama, Fantasy",127 min,PG,Suraj Sharma,Irrfan Khan,Adil Hussain,Tabu
Jurassic World,(2015),7.0,Colin Trevorrow,59,7.0,"595,084",$652.27M,"Action, Adventure, Sci-Fi",124 min,12A,Chris Pratt,Bryce Dallas Howard,Ty Simpkins,Judy Greer
Into the Wild,(2007),8.1,Sean Penn,73,8.1,"589,178",$18.35M,"Adventure, Biography, Drama",148 min,15,Emile Hirsch,Vince Vaughn,Catherine Keener,Marcia Gay Harden
Frozen,(I) (2013),7.4,Chris Buck,75,7.4,"586,622",$400.74M,"Animation, Adventure, Comedy",102 min,PG,Jennifer Lee,Kristen Bell,Idina Menzel,Jonathan Groff
Star Trek,(2009),7.9,J.J. Abrams,82,7.9,"586,026",$257.73M,"Action, Adventure, Sci-Fi",127 min,12A,Chris Pine,Zachary Quinto,Simon Pegg,Leonard Nimoy
X-Men,(2000),7.4,Bryan Singer,64,7.4,"583,411",$157.30M,"Action, Adventure, Sci-Fi",104 min,12,Patrick Stewart,Hugh Jackman,Ian McKellen,Famke Janssen
Star Wars: Episode VIII - The Last Jedi,(2017),7.0,Rian Johnson,84,7.0,"582,400",$620.18M,"Action, Adventure, Fantasy",152 min,12A,Daisy Ridley,John Boyega,Mark Hamill,Carrie Fisher
Prometheus,(I) (2012),7.0,Ridley Scott,64,7.0,"579,743",$126.48M,"Adventure, Mystery, Sci-Fi",124 min,15,Noomi Rapace,Logan Marshall-Green,Michael Fassbender,Charlize Theron
Harry Potter and the Chamber of Secrets,(2002),7.4,Chris Columbus,63,7.4,"575,330",$261.99M,"Adventure, Family, Fantasy",161 min,PG,Daniel Radcliffe,Rupert Grint,Emma Watson,Richard Harris
Rogue One,(2016),7.8,Gareth Edwards,65,7.8,"574,022",$532.18M,"Action, Adventure, Sci-Fi",133 min,12A,Felicity Jones,Diego Luna,Alan Tudyk,Donnie Yen
Harry Potter and the Prisoner of Azkaban,(2004),7.9,Alfonso Cuarón,82,7.9,"573,286",$249.36M,"Adventure, Family, Fantasy",142 min,PG,Daniel Radcliffe,Emma Watson,Rupert Grint,Richard Griffiths
The Amazing Spider-Man,(2012),6.9,Marc Webb,66,6.9,"572,807",$262.03M,"Action, Adventure, Fantasy",136 min,12A,Andrew Garfield,Emma Stone,Rhys Ifans,Irrfan Khan
Harry Potter and the Goblet of Fire,(2005),7.7,Mike Newell,81,7.7,"567,553",$290.01M,"Adventure, Family, Fantasy",157 min,12A,Daniel Radcliffe,Emma Watson,Rupert Grint,Eric Sykes
Spider-Man 2,(2004),7.3,Sam Raimi,83,7.3,"562,548",$373.59M,"Action, Adventure, Sci-Fi",127 min,PG,Tobey Maguire,Kirsten Dunst,Alfred Molina,James Franco
Jaws,(1975),8.0,Steven Spielberg,87,8.0,"558,532",$260.00M,"Adventure, Thriller",124 min,A,Roy Scheider,Robert Shaw,Richard Dreyfuss,Lorraine Gary
Independence Day,(1996),7.0,Roland Emmerich,59,7.0,"545,747",$306.17M,"Action, Adventure, Sci-Fi",145 min,12,Will Smith,Bill Pullman,Jeff Goldblum,Mary McDonnell
Cast Away,(2000),7.8,Robert Zemeckis,73,7.8,"545,356",$233.63M,"Adventure, Drama, Romance",143 min,12,Tom Hanks,Helen Hunt,Paul Sanchez,Lari White
